{
  "isSave": true,
  "SquaresSavings": [
    [
      null,
      null,
      null
    ],
    [
      {
        "isSave": true,
        "IsMove": false,
        "IsWasOnSmallCell": false,
        "SquareColor": 1,
        "Vector3Map": {
          "x": -1.10675669,
          "y": 0.304054052,
          "z": 90.0,
          "normalized": {
            "x": -0.0122962967,
            "y": 0.00337810372,
            "z": 0.9999187,
            "magnitude": 1.0,
            "sqrMagnitude": 1.0
          },
          "magnitude": 90.00732,
          "sqrMagnitude": 8101.31738
        }
      },
      null,
      null
    ],
    [
      null,
      null,
      {
        "isSave": true,
        "IsMove": false,
        "IsWasOnSmallCell": false,
        "SquareColor": 3,
        "Vector3Map": {
          "x": 1.10675669,
          "y": -0.802702665,
          "z": 90.0,
          "normalized": {
            "x": 0.0122958776,
            "y": -0.00891789,
            "z": 0.999884665,
            "magnitude": 1.0,
            "sqrMagnitude": 1.00000012
          },
          "magnitude": 90.01038,
          "sqrMagnitude": 8101.869
        }
      }
    ]
  ],
  "NewSquare": {
    "isSave": true,
    "IsMove": true,
    "IsWasOnSmallCell": false,
    "SquareColor": 1,
    "Vector3Map": {
      "x": -0.6385135,
      "y": -3.8141892,
      "z": 90.0,
      "normalized": {
        "x": -0.007088054,
        "y": -0.04234081,
        "z": 0.9990781,
        "magnitude": 1.0,
        "sqrMagnitude": 1.0
      },
      "magnitude": 90.083046,
      "sqrMagnitude": 8114.95557
    }
  },
  "SmallSquare": {
    "isSave": true,
    "IsMove": true,
    "IsWasOnSmallCell": true,
    "SquareColor": 3,
    "Vector3Map": {
      "x": 0.6993243,
      "y": -2.47635126,
      "z": 90.0,
      "normalized": {
        "x": 0.0077670957,
        "y": -0.0275037736,
        "z": 0.99959147,
        "normalized": {
          "x": 0.007767096,
          "y": -0.0275037754,
          "z": 0.9995915,
          "magnitude": 1.0,
          "sqrMagnitude": 1.0
        },
        "magnitude": 0.99999994,
        "sqrMagnitude": 0.9999999
      },
      "magnitude": 90.03678,
      "sqrMagnitude": 8106.62158
    }
  }
}